"Product ID","Parent ID",Type,SKU,Name,Published,Featured,Visibility,"Short Description",Description,"Date Created","Date Modified",Status,"Regular Price","Sale Price",Price,"Tax Status","Tax Class","Manage Stock","Stock Quantity","Stock Status",Backorders,"Sold Individually",Weight,Length,Width,Height,Categories,Tags,"Image 1","Image 2","Image 3","Image 4","Image 5","Image 6","Image 7","Image 8","Image 9","Image 10",Attributes,"Default Attributes","Variation Attributes"
4177,0,simple,,Farsan,yes,no,visible,"Weight : 200 gms
Shelf Life : 180 Days","Discover Chitale Bandhu's premium Farsan mix, a delightful medley of traditional Maharashtrian snacks where each crunchy morsel brings its own unique taste and texture. This carefully curated blend combines perfectly seasoned ingredients to create an enticing snack perfect for any occasion, from casual munching to festive celebrations.","2025-02-15 15:49:44","2025-02-15 15:51:12",publish,4.50,,4.50,none,,no,,instock,no,no,,,,,"Savory Snacks",,https://myannapoorna.com/wp-content/uploads/2025/02/farsan-namkeens-chitale-bandhu-mithaiwale-359572-_1_1024x1024.jpg,,,,,,,,,,,,
4170,0,simple,,"Bakarwadi 500g",yes,no,visible,"Weight : 500 gms
Shelf Life : 180 Days","Chitale Bandhu's signature Bakarwadi brings you Maharashtra's cherished spiral snack, where spicy-tangy filling meets crispy layered pastry. This traditional delicacy, meticulously prepared following age-old family techniques, delivers a perfect crunch and burst of authentic flavors in every bite.","2025-02-15 15:42:48","2025-02-15 15:47:18",publish,8.0,7,7,none,,no,,instock,no,no,,,,,"Savory Snacks",,https://myannapoorna.com/wp-content/uploads/2025/02/Bakarwadi500gMockup_6996d6c6-235c-48d8-b4c6-060809ad3881.webp,,,,,,,,,,,,
4162,0,variable,,"Banana Chips",yes,no,visible,"Weight : 125g
Shelf Life : 120 Days","Perfectly crispy banana chips seasoned with a zesty masala blend. Each golden slice delivers an irresistible crunch and authentic spicy flavor that keeps you coming back for more.","2025-02-15 15:31:26","2025-02-15 20:00:13",publish,,,2.50,none,,no,,instock,no,no,,,,,"Savory Snacks",,https://myannapoorna.com/wp-content/uploads/2025/02/Untitlxedd-1.jpg,https://myannapoorna.com/wp-content/uploads/2025/02/Untitledd-1.jpg,,,,,,,,,"Flavour: Regular Salty, Twisted Masala, Salt & Pepper, Spicy Masala",,
4164,4162,variation,,"Banana Chips - Regular Salty",yes,no,visible,,,"2025-02-15 15:35:47","2025-02-15 20:00:08",publish,2.50,,2.50,none,,no,,instock,no,no,,,,,,,https://myannapoorna.com/wp-content/uploads/2025/02/Regular-Salty.png,,,,,,,,,,,,"Flavour: Regular Salty"
4165,4162,variation,,"Banana Chips - Twisted Masala",yes,no,visible,,,"2025-02-15 15:35:47","2025-02-15 20:00:08",publish,2.50,,2.50,none,,no,,instock,no,no,,,,,,,https://myannapoorna.com/wp-content/uploads/2025/02/Twisted-Masala1.png,,,,,,,,,,,,"Flavour: Twisted Masala"
4166,4162,variation,,"Banana Chips - Salt & Pepper",yes,no,visible,,,"2025-02-15 15:35:47","2025-02-15 20:00:08",publish,2.50,,2.50,none,,no,,instock,no,no,,,,,,,https://myannapoorna.com/wp-content/uploads/2025/02/Salt-and-Pepper.png,,,,,,,,,,,,"Flavour: Salt & Pepper"
4167,4162,variation,,"Banana Chips - Spicy Masala",yes,no,visible,,,"2025-02-15 15:35:47","2025-02-15 20:00:08",publish,2.50,,2.50,none,,no,,instock,no,no,,,,,,,https://myannapoorna.com/wp-content/uploads/2025/02/Spicy-Masala.png,,,,,,,,,,,,"Flavour: Spicy Masala"
4136,0,simple,,"Dryfruit Elaichi Chikki Bar (1 pc)",yes,no,visible,,,"2025-01-14 00:26:46","2025-01-14 18:24:35",publish,1.00,,1.00,none,,no,,instock,no,no,,,,,Sweets,,https://myannapoorna.com/wp-content/uploads/2025/01/dryfruit-elaichi-chikki-sweets-chitale-bandhu-mithaiwale-826414-_2_1024x1024.webp,https://myannapoorna.com/wp-content/uploads/2025/01/dryfruit-elaichi-chikki-sweets-chitale-bandhu-mithaiwale-405722-_4_compact.avif,https://myannapoorna.com/wp-content/uploads/2025/01/Elaichi-_1_1024x1024.webp,,,,,,,,,,
4135,0,simple,,"Dink Ladoo (7 pcs)",yes,no,visible,,,"2025-01-14 00:00:22","2025-01-14 18:24:36",publish,10.00,,10.00,none,,no,,instock,no,no,,,,,Uncategorized,,https://myannapoorna.com/wp-content/uploads/2025/01/Dink_Ladoo_Mockup_1024x1024.webp,,,,,,,,,,,,
4114,0,simple,,"Til Wadi 12-15 pcs",yes,no,visible,,,"2025-01-13 21:31:06","2025-01-14 00:25:30",publish,7.50,,7.50,none,,no,,instock,no,no,,,,,"Sankranti Special, Sweets",,https://myannapoorna.com/wp-content/uploads/2025/01/Untitled-1_0002_Layer-5.jpg,https://myannapoorna.com/wp-content/uploads/2025/01/Untitled-1_0003_Layer-1-copy.jpg,,,,,,,,,,,
4117,0,simple,,"Mini Gul Poli 4pcs",yes,no,visible,,"A rich mix Of melted jaggery and desi ghee rolled into a flatbread is Maharashtra's most loved traditional sweet!","2025-01-13 21:28:41","2025-01-13 23:54:11",publish,7.00,,7.00,none,,no,,instock,no,no,,,,,"Sankranti Special, Sweets",,https://myannapoorna.com/wp-content/uploads/2025/01/Untitled-1_0001_Layer-4.jpg,https://myannapoorna.com/wp-content/uploads/2025/01/Untitled-1_0000_Layer-3-copy.jpg,,,,,,,,,,,
4120,0,simple,,"Dryfruit Gulkand Chikki Bar 1 pc",yes,no,visible,,,"2025-01-13 20:08:47","2025-01-14 00:28:51",publish,1.00,,1.00,taxable,,no,,instock,no,no,,,,,Sweets,,https://myannapoorna.com/wp-content/uploads/2025/01/WhatsApp-Image-2025-01-14-at-01.22.58_43fb6496.jpg,,,,,,,,,,,,
3876,0,simple,,"Chakali 150 gms",yes,no,visible,,"6 pcs","2024-10-16 22:48:12","2024-10-21 23:02:14",publish,4.50,,4.50,none,,no,,outofstock,no,no,,,,,"Diwali Specials, Savory Snacks",,https://myannapoorna.com/wp-content/uploads/2024/10/1000343400-scaled.jpg,,,,,,,,,,,,
3610,0,simple,,Chirote,yes,no,visible,"Weight: 250 gms",,"2024-10-09 16:54:15","2024-11-01 21:11:31",publish,7.00,,7.00,taxable,,no,,instock,no,no,,,,,"Diwali Specials",,https://myannapoorna.com/wp-content/uploads/2024/10/chirote.jpg,,,,,,,,,,,,
3606,0,simple,,"Karanji (Fresh Coconut)",yes,no,visible,"Weight : 150 gms","6 pcs

conains nuts","2024-10-09 15:02:45","2024-11-01 20:01:09",publish,9.00,,9.00,taxable,,no,,instock,no,no,,,,,"Diwali Specials",,https://myannapoorna.com/wp-content/uploads/2024/10/karanji.png,,,,,,,,,,,,
3599,0,simple,,"Royal Kaju Katli Combo",yes,no,visible,"Weight : 250 gms",,"2024-10-09 14:30:02","2025-01-14 00:40:39",publish,12.00,,12.00,taxable,,no,,outofstock,no,no,,,,,"Diwali Specials",,https://myannapoorna.com/wp-content/uploads/2024/10/RKC_250g_Mockup_1024x1024.webp,https://myannapoorna.com/wp-content/uploads/2024/10/royal-kaju-katli-combo-sweets-chitale-bandhu-mithaiwale-285318-_6_grande.webp,https://myannapoorna.com/wp-content/uploads/2024/10/Royal-Katli-Combo-500g-Front-_12_1024x1024.webp,https://myannapoorna.com/wp-content/uploads/2024/10/RKC_250g_Back_1024x1024.webp,,,,,,,,,
3590,0,simple,,"Potato Chivda",yes,no,visible,"Weight : 500 gms","Experience the authentic taste of India with Our Potato Chivda. Indulge in the rich flavours and irresistible crunch that make this savoury snack an audience favourite. Treat yourself to the ultimate snacking experience with Potato Chivda and enjoy the true taste of potato.","2024-10-09 08:22:09","2024-10-19 00:37:54",publish,6.00,,6.00,none,,no,,instock,no,no,,,,,"Diwali Specials",,https://myannapoorna.com/wp-content/uploads/2024/10/potato-chivda-1.jpg,https://myannapoorna.com/wp-content/uploads/2024/10/potato-chivda-2.jpg,https://myannapoorna.com/wp-content/uploads/2024/10/potato-chivda-3.jpg,https://myannapoorna.com/wp-content/uploads/2024/10/potato-chivda-4.avif,,,,,,,,,
3583,0,simple,,"Special Burfi Combo",yes,no,visible,"Weight : 250 gms","Perfect for gifting or enjoying with family and friends, Our Special Burfi Combo promises to elevate your celebrations with its irresistible sweetness and impeccable quality. Treat yourself and your loved ones to this exquisite assortment and experience the true essence of Indian sweets with Annapoorna.","2024-10-09 08:16:34","2024-11-22 05:31:48",publish,12.00,,12.00,taxable,,no,,outofstock,no,no,,,,,"Diwali Specials",,https://myannapoorna.com/wp-content/uploads/2024/10/SBC_Mockup_grande-1.webp,https://myannapoorna.com/wp-content/uploads/2024/10/SBC_2.webp,https://myannapoorna.com/wp-content/uploads/2024/10/SBC_3.webp,https://myannapoorna.com/wp-content/uploads/2024/10/SBC_4.webp,,,,,,,,,
3577,0,simple,,Shankarpali,yes,no,visible,"Weight : 200 gms","Experience the delightful crunch and irresistible sweetness of Our Shankarpali, a beloved Maharashtrian treat that captures the essence of traditional Indian sweets. Each piece of Shankarpali is made from a rich dough infused with aromatic spices, meticulously rolled out and cut into bite-sized squares before being deep-fried to golden perfection.","2024-10-09 08:07:14","2025-02-14 08:34:45",publish,6.00,,6.00,taxable,,no,,outofstock,no,no,,,,,"Diwali Specials",,https://myannapoorna.com/wp-content/uploads/2024/10/shankarpali-1.webp,https://myannapoorna.com/wp-content/uploads/2024/10/shankarpali-2.avif,https://myannapoorna.com/wp-content/uploads/2024/10/shankarpali-3.avif,https://myannapoorna.com/wp-content/uploads/2024/10/shankarpali-4.avif,,,,,,,,,
3569,0,simple,,"Patal Poha Chivda",yes,no,visible,"Weight : 500 gms","Experience the delightful crunch and irresistible flavours of Maharashtra with Our Patal Poha Chivda. Handcrafted using the finest quality flattened rice (poha), this savoury snack is infused with a blend of spices, nuts, and dried fruits, creating a harmonious balance of sweet, salty, and spicy flavours in every bite.","2024-10-09 08:01:23","2024-10-29 23:51:33",publish,6.0,,6.0,none,,no,,instock,no,no,,,,,"Diwali Specials, Savory Snacks",,https://myannapoorna.com/wp-content/uploads/2024/10/patal-poha-chivda-1.webp,https://myannapoorna.com/wp-content/uploads/2024/10/patal-poha-chivda-2.webp,https://myannapoorna.com/wp-content/uploads/2024/10/patal-poha-chivda-3.webp,https://myannapoorna.com/wp-content/uploads/2024/10/patal-poha-chivda-6.webp,https://myannapoorna.com/wp-content/uploads/2024/10/patal-poha-chivda-5.webp,https://myannapoorna.com/wp-content/uploads/2024/10/patal-poha-chivda-4.webp,,,,,,,
3008,0,simple,,"Kesar Kaju Katli",yes,no,visible,"<strong>Net Weight = 250 gms</strong>","Our Kesar Kaju Katl is a royal indulgence that epitomises the richness of Indian sweets. Crafted with the finest cashews and infused with the delicate flavour of saffron, experience the luxurious melt-in-your-mouth texture of Kaju Katli complemented by the subtle notes of saffron.","2024-09-26 18:09:14","2024-10-16 22:45:56",publish,10,,10,taxable,,no,,outofstock,no,no,,,,,Uncategorized,,https://myannapoorna.com/wp-content/uploads/2024/09/KesarKajuKatli1.webp,https://myannapoorna.com/wp-content/uploads/2024/09/KesarKajuKatli4.webp,https://myannapoorna.com/wp-content/uploads/2024/09/KesarKajuKatli3.webp,https://myannapoorna.com/wp-content/uploads/2024/09/KesarKajuKatli2.webp,,,,,,,,,
3002,0,simple,,"Puranpoli (4 piece)",yes,no,visible,"<strong>Weight</strong> = 170 gms","Savour the soft, pillowy texture of the outer dough embracing a sweet and flavorful filling made from lentils, jaggery, and fragrant spices like cardamom and nutmeg. With every bite, experience a symphony of tastes that transport you to the heart of Maharashtra's culinary heritage. Enjoy this delicacy with the richness of mini ghee.","2024-09-26 17:56:14","2024-10-15 01:23:18",publish,7.00,,7.00,taxable,,no,,outofstock,no,no,,,,,Uncategorized,,https://myannapoorna.com/wp-content/uploads/2024/09/puranpoli-2-1.webp,https://myannapoorna.com/wp-content/uploads/2024/09/puranpoli-2.webp,https://myannapoorna.com/wp-content/uploads/2024/09/puranpoli-4.webp,https://myannapoorna.com/wp-content/uploads/2024/09/puranpoli-3.webp,,,,,,,,,
2940,0,simple,,"Motichoor Ladoo",yes,no,visible,"Weight  =  250 gms","Indulge into the deliciousness of our Motichoor Ladoo. Perfect for celebrating or for any special occasion, our Motichoor Ladoo will surely leave you wanting for more. These melt-in-your-mouth delights are made from fine besan flour, sweetened with sugar and are incredibly tasty.","2024-08-21 09:02:26","2025-01-14 00:41:55",publish,10,,10,taxable,,no,,outofstock,no,no,,,,,"Diwali Specials, Sweets",,https://myannapoorna.com/wp-content/uploads/2024/08/motichoor-ladoo.webp,https://myannapoorna.com/wp-content/uploads/2024/08/motichoor-ladoo-2.webp,https://myannapoorna.com/wp-content/uploads/2024/08/motichoor-ladoo-3.webp,https://myannapoorna.com/wp-content/uploads/2024/08/motichoor-ladoo-4.webp,,,,,,,,,
2772,0,simple,,"Kaju Badam Roll",yes,no,visible,"Weight : 250 gms","Experience the velvety smoothness of cashew paste delicately wrapped around whole almonds, creating a delightful contrast of textures in  Kaju Badam Roll. Enhanced with just the right amount of sweetness this exquisite delicacy promises to elevate any occasion with its blend of tradition and sophistication.","2024-08-09 20:56:46","2024-11-01 00:31:31",publish,11,,11,taxable,,no,,outofstock,no,no,,,,,"Diwali Specials, Sweets",,https://myannapoorna.com/wp-content/uploads/2024/08/kaju-badam-roll-sweets-chitale-bandhu-mithaiwale-891999-_1_1024x1024.jpg,https://myannapoorna.com/wp-content/uploads/2024/08/kaju-badam-roll-sweets-chitale-bandhu-mithaiwale-573629-_2_1024x1024.jpg,https://myannapoorna.com/wp-content/uploads/2024/08/kaju-badam-roll-sweets-chitale-bandhu-mithaiwale-362846_1024x1024.webp,https://myannapoorna.com/wp-content/uploads/2024/08/kaju-badam-roll-sweets-chitale-bandhu-mithaiwale-858646-_3_1024x1024.jpg,https://myannapoorna.com/wp-content/uploads/2024/08/kaju-badam-roll-sweets-chitale-bandhu-mithaiwale-463025_1024x1024.webp,,,,,,,,
2765,0,simple,,"Malai Mysore Pak",yes,no,visible,"Weight : 250 gms

&nbsp;","Malai Mysore Pak is a luxurious indulgence that combines the rich flavours of malai (cream) with the melt-in-your-mouth goodness of Mysore Pak. Each bite of  Malai Mysore Pak is a symphony of textures. Treat yourself to the ultimate delicacy and experience the taste of pure bliss.","2024-08-09 20:50:46","2025-01-14 00:41:14",publish,11.00,,11.00,taxable,,no,,outofstock,no,no,,,,,"Diwali Specials, Sweets",,https://myannapoorna.com/wp-content/uploads/2024/08/malai-mysore-pak-sweets-chitale-bandhu-mithaiwale-422626-_1_1024x1024.jpg,https://myannapoorna.com/wp-content/uploads/2024/08/malai-mysore-pak-sweets-chitale-bandhu-mithaiwale-589519-_2_1024x1024.jpg,https://myannapoorna.com/wp-content/uploads/2024/08/malai-mysore-pak-sweets-chitale-bandhu-mithaiwale-397623_1024x1024.webp,https://myannapoorna.com/wp-content/uploads/2024/08/malai-mysore-pak-sweets-chitale-bandhu-mithaiwale-702446_1024x1024.webp,https://myannapoorna.com/wp-content/uploads/2024/08/malai-mysore-pak-sweets-chitale-bandhu-mithaiwale-968765-_3_1024x1024.jpg,,,,,,,,
2752,0,simple,,"Special Chivda",yes,no,visible,"<div><b>Product Type</b> : Savory Snacks</div>
<div class=""custom_title"">
<div class=""custom__content rte"">

<strong>Shelf Life : </strong>180 Days

</div>
</div>","Handcrafted using premium quality ingredients and traditional recipes, Chitale Bandhu Special Chivda is a perfect balance of savoury and spicy flavours. Whether enjoyed as a quick snack on-the-go or served as a delightful accompaniment to your evening tea, this savoury delicacy is sure to satisfy your cravings and leave you wanting more.","2024-08-09 20:16:04","2024-11-01 19:18:56",publish,5.00,,5.00,none,,no,,outofstock,no,no,,,,,"Diwali Specials, Savory Snacks",,https://myannapoorna.com/wp-content/uploads/2024/08/special-chivda-namkeens-chitale-bandhu-mithaiwale-106545-_1_1024x1024.webp,https://myannapoorna.com/wp-content/uploads/2024/08/special-chivda-namkeens-chitale-bandhu-mithaiwale-642192-_2_1024x1024.jpg,https://myannapoorna.com/wp-content/uploads/2024/08/special-chivda-namkeens-chitale-bandhu-mithaiwale-862765-_3_1024x1024.webp,https://myannapoorna.com/wp-content/uploads/2024/08/special-chivda-namkeens-chitale-bandhu-mithaiwale-908337_1024x1024.webp,https://myannapoorna.com/wp-content/uploads/2024/08/special-chivda-namkeens-chitale-bandhu-mithaiwale-925287_1024x1024.webp,,,,,,,,
2462,0,simple,,"Lite Chivda",yes,no,visible,"Chitale Bandhu’s Lite Chivda is a guilt-free indulgence that offers a delightful blend of flavour and crunch without the excess calories. Carefully crafted using premium quality ingredients, this savoury snack is the perfect choice for those seeking a lighter alternative to traditional chivda.","<div><b>Product Type</b> : <a href=""https://www.chitalebandhu.in/collections/types?q=Namkeens"">Namkeens</a></div>
<div class=""custom_title"">
<div class=""custom__content rte"">

<strong>Shelf Life : </strong>180 Days

</div>
</div>","2024-07-27 20:02:22","2024-10-25 02:43:36",publish,3.50,,3.50,taxable,,no,,instock,no,no,,,,,"Savory Snacks",,https://myannapoorna.com/wp-content/uploads/2024/07/lite-chivda-namkeens-chitale-bandhu-mithaiwale-846997-_1_1024x1024.jpg,https://myannapoorna.com/wp-content/uploads/2024/07/lite-chivda-namkeens-chitale-bandhu-mithaiwale-415401-_2_1024x1024.jpg,https://myannapoorna.com/wp-content/uploads/2024/07/lite-chivda-namkeens-chitale-bandhu-mithaiwale-702105-_3_1024x1024.webp,,,,,,,,,,
2444,0,simple,,"Nutrich Ladoo",yes,no,visible,"Weight : 250 gms
Quantity : 7pcs","Our Ladoo is a delightful fusion of health and indulgence. Crafted with care and expertise, these delectable treats combine the richness of traditional Indian ladoos with the goodness of nutritious ingredients, offering a guilt-free indulgence for the whole family.","2024-07-27 19:37:08","2024-09-12 20:12:43",publish,10.00,,10.00,taxable,,no,,instock,no,no,.250,,,,Sweets,,https://myannapoorna.com/wp-content/uploads/2024/07/nutrich-ladoo-sweets-chitale-bandhu-mithaiwale-142852-_1_1024x1024.jpg,,,,,,,,,,,,
2467,0,simple,,"Chakali 200 gms",yes,no,visible,"Crunchy on the outside and irresistibly flavorful on the inside, Chitale Bandhu Chakli offers a symphony of taste and texture with every bite. Whether enjoyed as a crispy snack on its own or paired with your favourite chutney or dip, these spiral delights are sure to add a burst of flavor to any occasion.","<div><b>Product Type</b> : <a href=""https://www.chitalebandhu.in/collections/types?q=Namkeens"">Namkeens</a></div>
<div class=""custom_title"">
<div class=""custom__content rte"">

<strong>Shelf Life : </strong>60 Days

</div>
</div>","2024-07-27 20:07:22","2024-10-29 23:50:55",publish,5,,5,taxable,,no,,instock,no,no,,,,,"Diwali Specials, Savory Snacks",,https://myannapoorna.com/wp-content/uploads/2024/07/chakali-namkeens-chitale-bandhu-mithaiwale-312947-_1_1024x1024.jpg,https://myannapoorna.com/wp-content/uploads/2024/07/chakali-namkeens-chitale-bandhu-mithaiwale-442768-_2_1024x1024.jpg,https://myannapoorna.com/wp-content/uploads/2024/07/chakali-namkeens-chitale-bandhu-mithaiwale-761229-_3_1024x1024.webp,https://myannapoorna.com/wp-content/uploads/2024/07/chakali-namkeens-chitale-bandhu-mithaiwale-395395_1024x1024.webp,,,,,,,,,
2163,0,simple,,"BingeBar Farali (10 Pcs)",yes,no,visible,"Quantity : 10 pcs","Introducing Bingebar Farali Bar, your go-to snack for moments of fasting and beyond. Whether you're on the move or need a quick bite during fasting periods, Bingebar Farali Bar is the convenient and delicious solution to keep you satisfied and energised.","2024-07-24 18:19:57","2024-10-15 01:20:28",publish,8.50,,8.50,taxable,,no,,instock,no,no,,,,,"Savory Snacks",,https://myannapoorna.com/wp-content/uploads/2024/07/rsw_500h_500-12.webp,https://myannapoorna.com/wp-content/uploads/2024/07/rsw_500h_500-15.webp,https://myannapoorna.com/wp-content/uploads/2024/07/rsw_500h_500-14.webp,https://myannapoorna.com/wp-content/uploads/2024/07/rsw_500h_500-13.webp,,,,,,,,,
2157,0,simple,,"BingeBar Bhel (10 Pcs)",yes,no,visible,"Quantity : 10 pcs","Enjoy your favourite Bhel anytime, anywhere with BINGEBAR! Made with a blend of puffed rice, sev, and a variety of spices, you're sure to want Ek Aur!","2024-07-24 18:15:46","2024-11-01 21:13:27",publish,7.50,,7.50,taxable,,no,,instock,no,no,,,,,"Savory Snacks",,https://myannapoorna.com/wp-content/uploads/2024/07/rsw_500h_500-8.webp,https://myannapoorna.com/wp-content/uploads/2024/07/rsw_500h_500-11.webp,https://myannapoorna.com/wp-content/uploads/2024/07/rsw_500h_500-10.webp,https://myannapoorna.com/wp-content/uploads/2024/07/rsw_500h_500-9.webp,,,,,,,,,
2139,0,simple,,Bakarwadi,yes,no,visible,"Weight : 250 gms
Shelf Life : 180 Days","Savour the authentic flavours of Maharashtra with Chitale Bandhu Bakarwadi, a beloved savoury snack renowned for its irresistible taste and crunchy texture. Handcrafted using a time-honoured recipe passed down through generations, each Bakarwadi is a delightful blend of spicy and tangy, encased in a crisp, golden-brown pastry.","2024-07-24 18:03:03","2025-02-14 08:36:05",publish,4.0,3.5,3.5,none,,no,,instock,no,no,,,,,"Savory Snacks",,https://myannapoorna.com/wp-content/uploads/2024/07/bakarwadi-namkeens-chitale-bandhu-mithaiwale-609891-_1_1024x1024.jpg,https://myannapoorna.com/wp-content/uploads/2024/07/bakarwadi-namkeens-chitale-bandhu-mithaiwale-158119-_7_1024x1024.jpg,https://myannapoorna.com/wp-content/uploads/2024/07/bakarwadi-namkeens-chitale-bandhu-mithaiwale-121626-_4_1024x1024.webp,https://myannapoorna.com/wp-content/uploads/2024/07/bakarwadi-namkeens-chitale-bandhu-mithaiwale-187780-_2_1024x1024.jpg,,,,,,,,,
2133,0,simple,,"Besan Ladoo",yes,no,visible,"Weight : 250 gms
Quantity : 7pcs","Our Besan Ladoo is a traditional Indian sweet made from roasted gram flour, sweetened with sugar and infused with a hint of cardamom and saffron. These delicious, melt-in-your-mouth ladoos are perfect for any occasion and are sure to delight your taste buds. ","2024-07-24 18:00:16","2024-11-01 21:13:39",publish,10,,10,taxable,,no,,instock,no,no,,,,,"Diwali Specials, Sweets",,https://myannapoorna.com/wp-content/uploads/2024/07/rsw_500h_500-4.webp,https://myannapoorna.com/wp-content/uploads/2024/07/rsw_500h_500-7.webp,https://myannapoorna.com/wp-content/uploads/2024/07/rsw_500h_500-6.webp,https://myannapoorna.com/wp-content/uploads/2024/07/rsw_500h_500-5.webp,,,,,,,,,
2107,0,simple,,"Kaju Katli",yes,no,visible,"Weight : 250 gms
Quantity : 22pcs","Savour the exquisite flavour of Chitale Bandhu Kaju Katli, a timeless Indian delicacy meticulously crafted to perfection. Made from premium cashew nuts, this confectionary masterpiece is a symphony of rich flavours and velvety textures. It's the perfect indulgence for any occasion.","2024-07-24 17:44:47","2025-01-14 00:42:59",publish,11,,11,taxable,,no,,outofstock,no,no,,,,,"Diwali Specials, Sweets",,https://myannapoorna.com/wp-content/uploads/2024/07/kaju-katli-sweets-chitale-bandhu-mithaiwale-811094-_1_1024x1024-1.jpg,https://myannapoorna.com/wp-content/uploads/2024/07/kaju-katli-sweets-chitale-bandhu-mithaiwale-666767-_3_1024x1024.jpg,,,,,,,,,,,
2099,0,simple,,"Mango Burfi",yes,no,visible,"Weight : 250 gms
Quantity : 9pcs","No matter where you go around the world, you will find people who love the Chitale Mango Burfi! Enjoy the creamy and rich flavour of our famous Amba Burfi and experience the heaven of every Mango lover. ","2024-07-24 17:38:08","2024-11-22 05:31:22",publish,11,,11,taxable,,no,,outofstock,no,no,,,,,"Diwali Specials, Sweets",,https://myannapoorna.com/wp-content/uploads/2024/07/rsw_500h_500.webp,https://myannapoorna.com/wp-content/uploads/2024/07/rsw_500h_500-3.webp,https://myannapoorna.com/wp-content/uploads/2024/07/rsw_500h_500-2.webp,https://myannapoorna.com/wp-content/uploads/2024/07/rsw_500h_500-1.webp,,,,,,,,,
